{
  "summary": {
    "dataset_path": "C:\\Users\\User\\Desktop\\dataset1_sinhala_full long v2.csv",
    "dataset_sha256_16": "def8b3a7ff07dc17",
    "n_samples": 2012,
    "splits": {
      "train": 1408,
      "val": 302,
      "test": 302
    },
    "class_balance_difficulty": {
      "0": 134,
      "1": 1878
    },
    "class_balance_error_type": {
      "consonant_confusion": 7,
      "long_word": 598,
      "none": 134,
      "unfamiliar": 430,
      "vowel_sign": 843
    },
    "feature_columns": [
      "syllable_count",
      "word_length",
      "vowel_sign_count",
      "consonant_cluster",
      "freq_rank",
      "rare_consonant"
    ],
    "default_freq_rank": 694.0
  },
  "difficulty": {
    "train": {
      "accuracy": 0.9566761363636364,
      "balanced_accuracy": 0.9767884322678844,
      "f1_macro": 0.865628466339061,
      "confusion_matrix": [
        [
          94,
          0
        ],
        [
          61,
          1253
        ]
      ],
      "classification_report": {
        "0": {
          "precision": 0.6064516129032258,
          "recall": 1.0,
          "f1-score": 0.7550200803212851,
          "support": 94.0
        },
        "1": {
          "precision": 1.0,
          "recall": 0.9535768645357686,
          "f1-score": 0.9762368523568368,
          "support": 1314.0
        },
        "accuracy": 0.9566761363636364,
        "macro avg": {
          "precision": 0.8032258064516129,
          "recall": 0.9767884322678844,
          "f1-score": 0.865628466339061,
          "support": 1408.0
        },
        "weighted avg": {
          "precision": 0.9737261730205279,
          "recall": 0.9566761363636364,
          "f1-score": 0.9614681189965087,
          "support": 1408.0
        }
      },
      "roc_auc": 0.9949277826354481
    },
    "val": {
      "accuracy": 0.9304635761589404,
      "balanced_accuracy": 0.8698581560283688,
      "f1_macro": 0.7828305311098175,
      "confusion_matrix": [
        [
          16,
          4
        ],
        [
          17,
          265
        ]
      ],
      "classification_report": {
        "0": {
          "precision": 0.48484848484848486,
          "recall": 0.8,
          "f1-score": 0.6037735849056604,
          "support": 20.0
        },
        "1": {
          "precision": 0.9851301115241635,
          "recall": 0.9397163120567376,
          "f1-score": 0.9618874773139746,
          "support": 282.0
        },
        "accuracy": 0.9304635761589404,
        "macro avg": {
          "precision": 0.7349892981863242,
          "recall": 0.8698581560283688,
          "f1-score": 0.7828305311098175,
          "support": 302.0
        },
        "weighted avg": {
          "precision": 0.9519988779694829,
          "recall": 0.9304635761589404,
          "f1-score": 0.9381713254988545,
          "support": 302.0
        }
      },
      "roc_auc": 0.9710106382978725
    },
    "test": {
      "accuracy": 0.9370860927152318,
      "balanced_accuracy": 0.9198581560283687,
      "f1_macro": 0.8099685378373903,
      "confusion_matrix": [
        [
          18,
          2
        ],
        [
          17,
          265
        ]
      ],
      "classification_report": {
        "0": {
          "precision": 0.5142857142857142,
          "recall": 0.9,
          "f1-score": 0.6545454545454545,
          "support": 20.0
        },
        "1": {
          "precision": 0.9925093632958801,
          "recall": 0.9397163120567376,
          "f1-score": 0.9653916211293261,
          "support": 282.0
        },
        "accuracy": 0.9370860927152318,
        "macro avg": {
          "precision": 0.7533975387907972,
          "recall": 0.9198581560283687,
          "f1-score": 0.8099685378373903,
          "support": 302.0
        },
        "weighted avg": {
          "precision": 0.9608389229640811,
          "recall": 0.9370860927152318,
          "f1-score": 0.944805782282712,
          "support": 302.0
        }
      },
      "roc_auc": 0.9809397163120568
    }
  },
  "error_type": {
    "train": {
      "accuracy": 0.8295454545454546,
      "balanced_accuracy": 0.8836874435194331,
      "f1_macro": 0.7867203542856828,
      "classification_report": {
        "consonant_confusion": {
          "precision": 0.5,
          "recall": 1.0,
          "f1-score": 0.6666666666666666,
          "support": 3.0
        },
        "long_word": {
          "precision": 1.0,
          "recall": 1.0,
          "f1-score": 1.0,
          "support": 404.0
        },
        "none": {
          "precision": 0.6595744680851063,
          "recall": 0.9893617021276596,
          "f1-score": 0.7914893617021277,
          "support": 94.0
        },
        "unfamiliar": {
          "precision": 0.7158273381294964,
          "recall": 0.6461038961038961,
          "f1-score": 0.6791808873720137,
          "support": 308.0
        },
        "vowel_sign": {
          "precision": 0.8100172711571675,
          "recall": 0.7829716193656093,
          "f1-score": 0.7962648556876061,
          "support": 599.0
        },
        "accuracy": 0.8295454545454546,
        "macro avg": {
          "precision": 0.7370838154743541,
          "recall": 0.8836874435194331,
          "f1-score": 0.7867203542856828,
          "support": 1408.0
        },
        "weighted avg": {
          "precision": 0.8332209982720371,
          "recall": 0.8295454545454546,
          "f1-score": 0.8285158820081364,
          "support": 1408.0
        }
      }
    },
    "val": {
      "accuracy": 0.7649006622516556,
      "balanced_accuracy": 0.720495867768595,
      "f1_macro": 0.6858933839022334,
      "classification_report": {
        "consonant_confusion": {
          "precision": 0.5,
          "recall": 0.6666666666666666,
          "f1-score": 0.5714285714285714,
          "support": 3.0
        },
        "long_word": {
          "precision": 1.0,
          "recall": 1.0,
          "f1-score": 1.0,
          "support": 98.0
        },
        "none": {
          "precision": 0.5,
          "recall": 0.7,
          "f1-score": 0.5833333333333334,
          "support": 20.0
        },
        "unfamiliar": {
          "precision": 0.6037735849056604,
          "recall": 0.5333333333333333,
          "f1-score": 0.5663716814159292,
          "support": 60.0
        },
        "vowel_sign": {
          "precision": 0.7142857142857143,
          "recall": 0.7024793388429752,
          "f1-score": 0.7083333333333334,
          "support": 121.0
        },
        "accuracy": 0.7649006622516556,
        "macro avg": {
          "precision": 0.663611859838275,
          "recall": 0.720495867768595,
          "f1-score": 0.6858933839022334,
          "support": 302.0
        },
        "weighted avg": {
          "precision": 0.7687251209367915,
          "recall": 0.7649006622516556,
          "f1-score": 0.7651377039709982,
          "support": 302.0
        }
      }
    },
    "test": {
      "accuracy": 0.7947019867549668,
      "balanced_accuracy": 0.6221479150275373,
      "f1_macro": 0.6022464458200123,
      "classification_report": {
        "consonant_confusion": {
          "precision": 0.0,
          "recall": 0.0,
          "f1-score": 0.0,
          "support": 1.0
        },
        "long_word": {
          "precision": 1.0,
          "recall": 1.0,
          "f1-score": 1.0,
          "support": 96.0
        },
        "none": {
          "precision": 0.5357142857142857,
          "recall": 0.75,
          "f1-score": 0.625,
          "support": 20.0
        },
        "unfamiliar": {
          "precision": 0.65,
          "recall": 0.6290322580645161,
          "f1-score": 0.639344262295082,
          "support": 62.0
        },
        "vowel_sign": {
          "precision": 0.7627118644067796,
          "recall": 0.7317073170731707,
          "f1-score": 0.7468879668049793,
          "support": 123.0
        },
        "accuracy": 0.7947019867549668,